,n
delete_aware,248
delete_aware__exp,229
delete_use__exp_aware,110
delete_eff__exp_aware,104
delete_eff__exp_aware_use,48
delete_eff__exp_aware_no_use,56
dislike_aware,263
dislike_aware__exp,241
dislike_use__exp_aware,226
dislike_eff__exp_aware,210
dislike_eff__exp_aware_use,62
dislike_eff__exp_aware_no_use,148
not_int_aware,258
not_int_aware__exp,237
not_int_use__exp_aware,156
not_int_eff__exp_aware,145
not_int_eff__exp_aware_use,122
not_int_eff__exp_aware_no_use,23
no_chan_aware,255
no_chan_aware__exp,235
no_chan_use__exp_aware,111
no_chan_eff__exp_aware,109
no_chan_eff__exp_aware_use,88
no_chan_eff__exp_aware_no_use,21
