cid,vid,date
UCSTy-H5lSiCcozas32sfJlQ,zlQMwWkZNp8,2018-06-27T09:50:11Z
UCSTy-H5lSiCcozas32sfJlQ,7r9W-qadhVQ,2018-03-01T06:25:17Z
UCSTy-H5lSiCcozas32sfJlQ,P_xubHEaR6w,2017-12-20T03:46:07Z
UCSTy-H5lSiCcozas32sfJlQ,w3zFUZejKxM,2017-12-11T16:30:46Z
UCSTy-H5lSiCcozas32sfJlQ,AnUPJEs8aWc,2017-09-23T21:28:47Z
UCSTy-H5lSiCcozas32sfJlQ,L5A2wUcndjo,2017-08-08T05:27:35Z
UCSTy-H5lSiCcozas32sfJlQ,1XQ9_oNrl1E,2017-07-31T23:17:40Z
UCSTy-H5lSiCcozas32sfJlQ,6kJZeyL-jKI,2017-07-31T23:17:50Z
UCSTy-H5lSiCcozas32sfJlQ,F_FItO0Gxrw,2017-06-19T20:36:47Z
UCSTy-H5lSiCcozas32sfJlQ,vtzidOkBcRE,2017-06-03T16:28:32Z
UCSTy-H5lSiCcozas32sfJlQ,vVFhC4kuYDU,2017-05-16T17:48:13Z
UCSTy-H5lSiCcozas32sfJlQ,SiO6bcEmHkU,2017-04-18T20:06:55Z
UCSTy-H5lSiCcozas32sfJlQ,XWJD7aFkbbQ,2017-04-12T05:29:23Z
UCSTy-H5lSiCcozas32sfJlQ,Btw5U0TPiJg,2017-04-08T17:32:26Z
UCSTy-H5lSiCcozas32sfJlQ,b83JHaqNkVU,2017-03-08T08:49:56Z
UCSTy-H5lSiCcozas32sfJlQ,uBaXQc0iark,2018-01-11T17:37:03Z
UCSTy-H5lSiCcozas32sfJlQ,YKjwYaOuAGA,2018-01-11T06:52:03Z
UCSTy-H5lSiCcozas32sfJlQ,QP0rRMGwaos,2018-01-04T07:57:26Z
UCSTy-H5lSiCcozas32sfJlQ,3MU7LEXBzoM,2017-12-31T23:41:25Z
UCSTy-H5lSiCcozas32sfJlQ,y5obNZxXl9A,2017-12-09T03:57:48Z
UCSTy-H5lSiCcozas32sfJlQ,Xmi-GtBG5vw,2017-12-08T04:25:04Z
UCSTy-H5lSiCcozas32sfJlQ,QBbluDdhsP4,2017-09-19T20:37:33Z
UCSTy-H5lSiCcozas32sfJlQ,52lSZnJ9D34,2017-09-19T19:11:25Z
UCSTy-H5lSiCcozas32sfJlQ,km8KMkZQm1Y,2017-09-19T05:29:39Z
UCSTy-H5lSiCcozas32sfJlQ,aJG7I6wqs4U,2017-09-14T06:34:06Z
UCSTy-H5lSiCcozas32sfJlQ,MwQ1k1AeWk4,2017-09-14T06:20:23Z
UCSTy-H5lSiCcozas32sfJlQ,Cn3VOfRB_u0,2017-08-12T03:55:44Z
UCSTy-H5lSiCcozas32sfJlQ,gESPuCzOzAs,2017-08-08T04:44:34Z
UCSTy-H5lSiCcozas32sfJlQ,WDZYk7V4F9o,2017-08-07T06:53:14Z
UCSTy-H5lSiCcozas32sfJlQ,dgLrwhlzlOk,2017-08-03T04:29:11Z
UCSTy-H5lSiCcozas32sfJlQ,ILuBwNhdvUk,2017-08-01T00:45:07Z
UCSTy-H5lSiCcozas32sfJlQ,7FYUhfJ8kF4,2017-08-01T00:07:00Z
UCSTy-H5lSiCcozas32sfJlQ,PHkO_qMtiMM,2017-07-18T10:05:53Z
UCSTy-H5lSiCcozas32sfJlQ,NPgmZQabN_U,2017-07-12T09:56:33Z
UCSTy-H5lSiCcozas32sfJlQ,Ol58T2fVOzs,2017-06-15T08:20:27Z
UC4f8Z2XefBDL421pnNEQH0Q,f8_IIIOZIWw,2019-05-19T14:00:06Z
UC4f8Z2XefBDL421pnNEQH0Q,xJml2_d3rO4,2019-05-21T13:00:10Z
UCFc0stDRUkeBDc36qZeox1g,kuhPEe-w89o,2019-09-28T19:52:06Z
UCZeP6H2mELnRI9imY5Iga0g,urgUj2YKzm4,2019-07-04T23:38:05Z
UCZeP6H2mELnRI9imY5Iga0g,n12xwL9fhng,2018-05-11T19:05:46Z
UCZeP6H2mELnRI9imY5Iga0g,qWvtpjEVZ7c,2017-12-20T15:44:46Z
UCZeP6H2mELnRI9imY5Iga0g,yZ9Sb0hYVa0,2017-11-16T23:52:39Z
UCZeP6H2mELnRI9imY5Iga0g,RFVSzybXswA,2017-12-29T18:26:31Z
UCZeP6H2mELnRI9imY5Iga0g,t65RoJ4JE30,2017-11-07T18:57:55Z
UCZeP6H2mELnRI9imY5Iga0g,lLTxKQfq9bo,2017-10-13T19:26:07Z
UCZeP6H2mELnRI9imY5Iga0g,Ashd6x-neNQ,2016-11-09T17:10:17Z
UCN0-RRaxMgh86eOwndAklxw,NP7YtqspL58,2022-03-20T17:24:35Z
UCN0-RRaxMgh86eOwndAklxw,QDssgN2vPX0,2022-03-05T10:37:13Z
UCN0-RRaxMgh86eOwndAklxw,6yCrCOyEPnQ,2021-11-28T15:02:54Z
UCN0-RRaxMgh86eOwndAklxw,Q84arYp6v-Y,2021-11-25T17:21:57Z
UCN0-RRaxMgh86eOwndAklxw,cZpmj6Sb9Yk,2021-09-11T14:12:38Z
UCN0-RRaxMgh86eOwndAklxw,_a2qms0ZBIg,2021-08-24T16:16:12Z
UCN0-RRaxMgh86eOwndAklxw,7tRQnqehAcA,2021-06-07T18:21:03Z
UCN0-RRaxMgh86eOwndAklxw,2ZsPreFTRAY,2021-05-09T16:21:42Z
UCN0-RRaxMgh86eOwndAklxw,71FA9EkHGH8,2021-02-27T14:44:49Z
UCN0-RRaxMgh86eOwndAklxw,MJwncHyFsJo,2020-12-25T19:54:10Z
UCN0-RRaxMgh86eOwndAklxw,NJFzzKGpd-g,2020-10-31T16:39:50Z
UCN0-RRaxMgh86eOwndAklxw,_R6eB_oSl-Y,2020-08-13T16:49:10Z
UCN0-RRaxMgh86eOwndAklxw,oR_rDR1YgL4,2020-03-27T17:02:39Z
UCN0-RRaxMgh86eOwndAklxw,yP0GvKnWcFM,2020-03-15T17:20:11Z
UCN0-RRaxMgh86eOwndAklxw,7rI2KKXTni4,2019-11-18T18:52:20Z
UCN0-RRaxMgh86eOwndAklxw,OdS4IfLgR64,2019-09-21T16:25:23Z
UCN0-RRaxMgh86eOwndAklxw,4b3271NKP-g,2019-09-01T07:02:12Z
UCN0-RRaxMgh86eOwndAklxw,x6BZvi3vjzU,2019-08-15T17:56:33Z
UCN0-RRaxMgh86eOwndAklxw,YTyZXvaaBpw,2019-08-03T17:08:35Z
UCN0-RRaxMgh86eOwndAklxw,lCR6hTW9Clw,2019-06-16T09:32:17Z
UCN0-RRaxMgh86eOwndAklxw,NLkFyhmt4vA,2022-05-08T16:53:45Z
UCN0-RRaxMgh86eOwndAklxw,VmytSGTizUY,2022-04-26T15:59:06Z
UCN0-RRaxMgh86eOwndAklxw,ozjyiXEQZr0,2022-04-21T16:57:01Z
UCN0-RRaxMgh86eOwndAklxw,jWOWWC5zEtU,2022-04-13T15:42:10Z
UCN0-RRaxMgh86eOwndAklxw,c70dhKdSRAk,2022-03-15T16:35:14Z
UCN0-RRaxMgh86eOwndAklxw,M64e3ZfA2PI,2022-03-13T15:12:11Z
UCN0-RRaxMgh86eOwndAklxw,0BXysBkKMa0,2022-03-10T17:03:41Z
UCN0-RRaxMgh86eOwndAklxw,q5-j4ekMdv4,2022-02-20T18:17:02Z
UCN0-RRaxMgh86eOwndAklxw,ICrDXSaq69Y,2022-02-19T13:50:35Z
UCN0-RRaxMgh86eOwndAklxw,aFiS90_Dywk,2022-02-17T17:50:33Z
UCN0-RRaxMgh86eOwndAklxw,suvWm8UDJ6Q,2022-02-14T17:25:05Z
UCN0-RRaxMgh86eOwndAklxw,B2WV3VKSQJs,2022-02-02T15:22:56Z
UCN0-RRaxMgh86eOwndAklxw,43g9HMk4TE8,2022-01-29T12:37:49Z
UCN0-RRaxMgh86eOwndAklxw,5eEhLlRQFdE,2022-01-25T17:01:48Z
UCN0-RRaxMgh86eOwndAklxw,iQja0tt8F-I,2022-01-23T15:51:21Z
UCN0-RRaxMgh86eOwndAklxw,gibh_sI7Pp4,2022-01-22T12:11:13Z
UCN0-RRaxMgh86eOwndAklxw,M5o6qtnlHhM,2022-01-13T13:10:17Z
UCN0-RRaxMgh86eOwndAklxw,b_KYJbjDWAs,2022-01-10T16:00:27Z
UCN0-RRaxMgh86eOwndAklxw,myCQQZQpuCw,2022-01-08T11:20:39Z
UCN0-RRaxMgh86eOwndAklxw,pojr13szcVA,2022-01-06T17:43:25Z
UCutpp9X6rKErxUkv4wKBRPA,BFPEs-yijNU,2017-10-09T13:46:14Z
UCutpp9X6rKErxUkv4wKBRPA,dwbqasjYkHM,2017-08-03T13:38:29Z
UCutpp9X6rKErxUkv4wKBRPA,vhTFkUpB8zc,2019-03-20T10:57:58Z
UCutpp9X6rKErxUkv4wKBRPA,Q-_QyhYfReQ,2019-03-07T11:01:54Z
UCutpp9X6rKErxUkv4wKBRPA,RHpalC3WaXY,2018-12-03T03:47:27Z
UCutpp9X6rKErxUkv4wKBRPA,1Ua2XnYlm-o,2018-11-10T03:24:19Z
UCutpp9X6rKErxUkv4wKBRPA,tk62CtH6-mg,2018-09-28T18:48:06Z
UCutpp9X6rKErxUkv4wKBRPA,O7u3Lu-kzgg,2018-08-21T12:23:06Z
UCutpp9X6rKErxUkv4wKBRPA,lSo1tJZCMkc,2018-04-27T15:32:48Z
UCutpp9X6rKErxUkv4wKBRPA,u0cKuFfYnVw,2018-04-11T00:34:11Z
UCutpp9X6rKErxUkv4wKBRPA,qpDNphk22uw,2018-03-26T00:27:32Z
UCutpp9X6rKErxUkv4wKBRPA,v0YBVimohJY,2018-03-21T21:02:24Z
UCutpp9X6rKErxUkv4wKBRPA,XYC0ekh-KqU,2010-12-05T15:55:40Z
UCutpp9X6rKErxUkv4wKBRPA,KXSX5mD8HwM,2010-12-01T08:15:36Z
UCGJNdaSwFeP3pLd1MhN0dRg,imfPAeEzsoU,2021-01-14T13:58:51Z
UCGJNdaSwFeP3pLd1MhN0dRg,YYN1iychtts,2020-10-14T09:27:16Z
UCmrLCXSDScliR7q8AxxjvXg,6_5cGWHkQe0,2017-12-31T11:15:57Z
UCmrLCXSDScliR7q8AxxjvXg,DTNrIlZVt58,2017-12-25T11:27:44Z
UCmrLCXSDScliR7q8AxxjvXg,iNQQM3OEJE4,2017-09-17T12:45:39Z
UCmrLCXSDScliR7q8AxxjvXg,sb2J9s_202w,2022-04-26T00:30:10Z
UCmrLCXSDScliR7q8AxxjvXg,nogUTMndDok,2021-09-30T22:45:11Z
UCmrLCXSDScliR7q8AxxjvXg,uD6qgoSs6G8,2021-03-13T01:45:15Z
UCmrLCXSDScliR7q8AxxjvXg,bSPkI5Omt6A,2021-02-21T02:00:16Z
UCmrLCXSDScliR7q8AxxjvXg,sfHcbuUWgHM,2021-01-11T00:15:10Z
UCmrLCXSDScliR7q8AxxjvXg,0UqmfwuBfYE,2020-11-09T17:45:11Z
UCmrLCXSDScliR7q8AxxjvXg,xYXd2iLKJK0,2020-10-15T14:59:59Z
UCmrLCXSDScliR7q8AxxjvXg,bwkG3qF--KM,2020-09-08T16:00:11Z
UCmrLCXSDScliR7q8AxxjvXg,6-266bADD-M,2020-07-11T16:00:13Z
UCmrLCXSDScliR7q8AxxjvXg,Mf3l40RMAPc,2020-07-02T03:09:32Z
UCmrLCXSDScliR7q8AxxjvXg,n6qBXjx3lu0,2020-03-13T23:00:09Z
UCmrLCXSDScliR7q8AxxjvXg,JpPjZkgvUnY,2019-12-17T09:29:39Z
UCmrLCXSDScliR7q8AxxjvXg,hVbrVaLIYvA,2019-12-05T11:57:00Z
UCmrLCXSDScliR7q8AxxjvXg,3tr43h-N7hc,2019-11-14T20:19:33Z
UCmrLCXSDScliR7q8AxxjvXg,vKb01XLPR7E,2019-11-11T08:34:08Z
UCmrLCXSDScliR7q8AxxjvXg,ORN19LkcpL8,2019-11-01T07:33:14Z
UCmrLCXSDScliR7q8AxxjvXg,IBnwH6o_ew8,2019-10-28T14:43:13Z
UCmrLCXSDScliR7q8AxxjvXg,4hh6CTvmQec,2019-10-24T14:24:28Z
UCmrLCXSDScliR7q8AxxjvXg,DGQIHPNq5cE,2019-10-19T07:16:09Z
UCmrLCXSDScliR7q8AxxjvXg,ZK6gLY6yt0s,2019-10-12T16:05:17Z
UCZmn5TswQ0m13ihKsbJ8Wzw,TjpzfzqodCs,2022-03-17T13:23:13Z
UCBceihEYR7elOoeWTuDhAzA,l3vWcEoolfQ,2018-03-24T22:03:50Z
UCBceihEYR7elOoeWTuDhAzA,Qfu-PVSwnBg,2018-01-10T16:39:24Z
UCBceihEYR7elOoeWTuDhAzA,rhZHPwbvApw,2017-06-17T09:39:52Z
UCBceihEYR7elOoeWTuDhAzA,ycAgA36lg9M,2013-07-27T19:22:57Z
UCBceihEYR7elOoeWTuDhAzA,JYvgvkKT0Ow,2013-06-20T19:07:10Z
UCBceihEYR7elOoeWTuDhAzA,M4HDUJZgZQg,2013-06-08T18:31:36Z
UCBceihEYR7elOoeWTuDhAzA,qXdojiReZ5Y,2013-06-01T21:19:24Z
UCBceihEYR7elOoeWTuDhAzA,0v5uvkszugk,2013-04-09T17:30:02Z
UCBceihEYR7elOoeWTuDhAzA,5ZlSfWV36yg,2014-02-13T00:09:33Z
UCVyzFlPnWjqrgVljH8QUiCQ,VEBipOj2rkU,2022-03-11T03:59:29Z
UCVyzFlPnWjqrgVljH8QUiCQ,sWved9xMzmI,2019-10-04T01:54:55Z
UCVyzFlPnWjqrgVljH8QUiCQ,QOf1G3M-Nrs,2019-03-31T16:08:50Z
UCVyzFlPnWjqrgVljH8QUiCQ,YqQdi2LV6-s,2018-11-22T06:39:19Z
UCVyzFlPnWjqrgVljH8QUiCQ,RZSeGx0FQSs,2018-07-11T22:58:48Z
UCoWQunH1zvFa6u3IoMXQjRw,OjZl53sscJk,2017-01-25T19:02:33Z
UCoWQunH1zvFa6u3IoMXQjRw,450wSQBDWBg,2016-11-18T18:21:43Z
UCoWQunH1zvFa6u3IoMXQjRw,dR5qRqDRdjI,2016-10-05T21:50:23Z
UCoWQunH1zvFa6u3IoMXQjRw,ceDmBc-9CMs,2016-08-12T22:30:58Z
UCoWQunH1zvFa6u3IoMXQjRw,SievWFaLiBs,2016-07-19T21:37:10Z
UCoWQunH1zvFa6u3IoMXQjRw,8a9pM-xM4sE,2019-06-20T16:40:30Z
UCoWQunH1zvFa6u3IoMXQjRw,-Adf7S5yOMs,2017-12-05T17:19:56Z
UCoWQunH1zvFa6u3IoMXQjRw,mcAKys4SnQo,2017-11-24T23:01:50Z
UCoWQunH1zvFa6u3IoMXQjRw,Rdt56Yp2GLI,2017-11-11T00:08:46Z
UCoWQunH1zvFa6u3IoMXQjRw,y_kOvvHXHw4,2017-10-08T17:09:50Z
UCoWQunH1zvFa6u3IoMXQjRw,lf2laddzN98,2017-08-26T21:39:32Z
UCoWQunH1zvFa6u3IoMXQjRw,JAVz6UdZqnw,2017-08-16T14:24:45Z
UCoWQunH1zvFa6u3IoMXQjRw,2cQeDgsh_l8,2017-07-22T16:58:55Z
UCoWQunH1zvFa6u3IoMXQjRw,pEGgcBYo3Q4,2017-07-12T18:46:15Z
UCoWQunH1zvFa6u3IoMXQjRw,2UCYZU-IsE0,2017-06-30T19:32:00Z
UCoWQunH1zvFa6u3IoMXQjRw,f1loenOM3GQ,2017-05-27T12:09:30Z
UCoWQunH1zvFa6u3IoMXQjRw,JsN0bFgednA,2017-04-21T22:18:03Z
UCoWQunH1zvFa6u3IoMXQjRw,7MMm5KmfNmM,2017-04-18T13:15:54Z
UCoWQunH1zvFa6u3IoMXQjRw,kKhSTjkELvM,2017-04-04T16:42:02Z
UCoWQunH1zvFa6u3IoMXQjRw,zdA8UX4mXAs,2017-03-28T16:30:39Z
UCoWQunH1zvFa6u3IoMXQjRw,X-4tQKwvHtU,2017-02-16T23:35:44Z
UCoWQunH1zvFa6u3IoMXQjRw,11qqjY3TQ0M,2017-02-09T20:44:09Z
UCoWQunH1zvFa6u3IoMXQjRw,2De8escRoMg,2017-01-19T21:21:50Z
UCoWQunH1zvFa6u3IoMXQjRw,YB-sBhwvaZY,2017-01-07T23:49:27Z
UCoWQunH1zvFa6u3IoMXQjRw,zwapxq92o-g,2016-12-08T15:09:27Z
UCK68w5LvF6DIOqZAU0uUqSQ,HnspJsrLqCc,2020-11-26T07:40:37Z
UCK68w5LvF6DIOqZAU0uUqSQ,hicY37CrJN8,2019-12-20T05:50:55Z
UCK68w5LvF6DIOqZAU0uUqSQ,G-LEeBVwca0,2019-06-30T21:13:36Z
UCK68w5LvF6DIOqZAU0uUqSQ,xGKVRphHDO4,2019-06-16T19:42:34Z
UCK68w5LvF6DIOqZAU0uUqSQ,vzMIlm-7izg,2019-06-15T22:26:32Z
UCK68w5LvF6DIOqZAU0uUqSQ,dK7oKqgyOK8,2019-06-14T08:05:33Z
UCK68w5LvF6DIOqZAU0uUqSQ,XzADrnd667g,2019-06-13T07:37:50Z
UCK68w5LvF6DIOqZAU0uUqSQ,JGt4WUqBl7o,2019-05-13T01:30:14Z
UCK68w5LvF6DIOqZAU0uUqSQ,5sK6oxPkAxI,2019-05-12T21:46:10Z
UCK68w5LvF6DIOqZAU0uUqSQ,rodCJEF9580,2019-05-12T17:37:38Z
UCK68w5LvF6DIOqZAU0uUqSQ,xstXbqcYR2Y,2019-05-05T22:50:25Z
UCK68w5LvF6DIOqZAU0uUqSQ,ZyIDyFViF8Q,2019-05-05T15:00:21Z
UCK68w5LvF6DIOqZAU0uUqSQ,ErobYDeyEhs,2019-05-05T01:30:06Z
UCK68w5LvF6DIOqZAU0uUqSQ,g1OJqEOJVmU,2019-05-05T01:14:25Z
UCK68w5LvF6DIOqZAU0uUqSQ,7-lFgWBlZn4,2019-04-27T20:04:46Z
UCK68w5LvF6DIOqZAU0uUqSQ,jomgsPZzqhE,2019-04-27T19:58:16Z
UCK68w5LvF6DIOqZAU0uUqSQ,PFfsbWeMUbQ,2019-04-27T11:42:04Z
UCK68w5LvF6DIOqZAU0uUqSQ,u8GMYIs4cRI,2019-04-12T03:43:37Z
UCK68w5LvF6DIOqZAU0uUqSQ,blKD1bluibw,2019-04-12T02:44:46Z
UCK68w5LvF6DIOqZAU0uUqSQ,aLMUFSG0VaE,2019-04-09T17:53:37Z
UCK68w5LvF6DIOqZAU0uUqSQ,ropDuoX1fqs,2020-12-02T08:12:36Z
UCK68w5LvF6DIOqZAU0uUqSQ,7sRkv-Mz-FE,2020-11-26T07:37:41Z
UCK68w5LvF6DIOqZAU0uUqSQ,DhWI97gyvYE,2019-12-15T16:58:56Z
UCK68w5LvF6DIOqZAU0uUqSQ,vMuXpBTb7to,2019-05-04T19:37:17Z
UCK68w5LvF6DIOqZAU0uUqSQ,2pti6AMd-qQ,2019-04-13T22:42:27Z
UCK68w5LvF6DIOqZAU0uUqSQ,dZijDAMKqoM,2019-04-13T01:06:29Z
UCK68w5LvF6DIOqZAU0uUqSQ,_dpNBEeh5dw,2019-04-07T17:11:33Z
UCK68w5LvF6DIOqZAU0uUqSQ,G-R7EF3lSXE,2019-04-01T10:12:50Z
UCK68w5LvF6DIOqZAU0uUqSQ,yRev8YvX0jU,2019-03-18T02:27:34Z
UCK68w5LvF6DIOqZAU0uUqSQ,-14Hkjmn91s,2018-07-30T04:33:03Z
UCK68w5LvF6DIOqZAU0uUqSQ,JanSfE25r5U,2017-08-14T06:13:48Z
UCK68w5LvF6DIOqZAU0uUqSQ,wCWrG1Box0g,2017-07-27T06:28:16Z
UCK68w5LvF6DIOqZAU0uUqSQ,kf5yROcYkVM,2017-07-25T05:41:07Z
UCK68w5LvF6DIOqZAU0uUqSQ,bLUj9WcECpk,2017-07-22T10:11:01Z
UCK68w5LvF6DIOqZAU0uUqSQ,O1e5XE6xy5g,2017-07-22T09:15:20Z
UCK68w5LvF6DIOqZAU0uUqSQ,4EDocohfa98,2017-07-21T01:52:41Z
UCK68w5LvF6DIOqZAU0uUqSQ,wNfUx5v3bcY,2017-07-20T03:35:24Z
UCK68w5LvF6DIOqZAU0uUqSQ,GFSrptDfQwY,2017-06-01T13:44:23Z
UCK68w5LvF6DIOqZAU0uUqSQ,4O1kqknh_TY,2017-05-31T20:02:08Z
UCK68w5LvF6DIOqZAU0uUqSQ,ZRTLb5pL-6U,2017-05-30T03:47:20Z
UC66IBH4uFkBTzEh2olFFJSg,0UPCpMrLffQ,2019-03-28T23:04:47Z
UC66IBH4uFkBTzEh2olFFJSg,SAwAktSl_Qk,2019-03-28T23:04:40Z
UC66IBH4uFkBTzEh2olFFJSg,A4Z8wJz4ezY,2019-03-28T23:04:44Z
UC66IBH4uFkBTzEh2olFFJSg,Q-K5tKOZWag,2019-03-28T23:04:50Z
UC66IBH4uFkBTzEh2olFFJSg,dA_W9HLBMDY,2018-03-02T15:35:30Z
UCyOOQJzQSNMjFJqb3gQENtg,7yw_r0o9rZE,2021-06-27T18:15:11Z
UCyOOQJzQSNMjFJqb3gQENtg,ewSiq0BdkEg,2019-06-22T19:49:41Z
UCyOOQJzQSNMjFJqb3gQENtg,nx4h9rqf61w,2019-05-30T18:27:41Z
UCyOOQJzQSNMjFJqb3gQENtg,_XK1UwNG-e0,2019-02-14T03:26:16Z
UCyOOQJzQSNMjFJqb3gQENtg,coywaWenhpI,2019-01-19T02:17:35Z
UCyOOQJzQSNMjFJqb3gQENtg,NOrPqy7F5hI,2018-08-23T16:33:46Z
UCyOOQJzQSNMjFJqb3gQENtg,wjhsk7Sx9WU,2018-08-03T15:31:50Z
UCyOOQJzQSNMjFJqb3gQENtg,gtySoogNco0,2018-07-23T21:49:03Z
UCyOOQJzQSNMjFJqb3gQENtg,3ovkEhn_VPg,2018-07-22T08:29:24Z
UCyOOQJzQSNMjFJqb3gQENtg,T71kgqJDKSU,2018-07-09T17:43:19Z
UCyOOQJzQSNMjFJqb3gQENtg,Gpi3Wo4GDig,2018-05-26T07:12:56Z
UCyOOQJzQSNMjFJqb3gQENtg,ELSHBdv_nvM,2018-04-28T05:09:56Z
UCyOOQJzQSNMjFJqb3gQENtg,nOO2AEuXIvU,2018-04-22T07:05:16Z
UCyOOQJzQSNMjFJqb3gQENtg,0PfJRGiVnYA,2018-03-31T16:09:47Z
UCyOOQJzQSNMjFJqb3gQENtg,EMwohVXYEYc,2017-12-15T18:07:00Z
UCyOOQJzQSNMjFJqb3gQENtg,X5_uizaZbWc,2017-11-13T16:03:53Z
UCyOOQJzQSNMjFJqb3gQENtg,h7T40vcZ9jw,2017-10-30T14:17:10Z
UCyOOQJzQSNMjFJqb3gQENtg,a2t9wRfxi-M,2017-09-12T14:46:05Z
UCyOOQJzQSNMjFJqb3gQENtg,kViCGMMdRFM,2017-08-11T05:18:42Z
UCyOOQJzQSNMjFJqb3gQENtg,zkgo60ad1eo,2017-07-12T21:40:48Z
UCyOOQJzQSNMjFJqb3gQENtg,tp6Vv1vOMM4,2021-12-18T05:25:30Z
UCyOOQJzQSNMjFJqb3gQENtg,b1Xz7KGiCdA,2021-09-19T05:13:47Z
UCyOOQJzQSNMjFJqb3gQENtg,PiURJJVBtpE,2021-07-12T04:45:26Z
UCyOOQJzQSNMjFJqb3gQENtg,4oDsLO9BI4U,2021-03-25T00:45:12Z
UCyOOQJzQSNMjFJqb3gQENtg,zqn28HNAvUc,2021-02-25T08:30:25Z
UCyOOQJzQSNMjFJqb3gQENtg,wl0Itkh7lMY,2021-02-23T23:30:24Z
UCyOOQJzQSNMjFJqb3gQENtg,d8cEpKlVazE,2020-10-24T03:00:11Z
UCyOOQJzQSNMjFJqb3gQENtg,rOTedULCTdA,2020-06-04T18:20:39Z
UCyOOQJzQSNMjFJqb3gQENtg,AU5nuoNgZUE,2020-02-29T07:15:09Z
UCyOOQJzQSNMjFJqb3gQENtg,Bbr5OIL6Lrw,2020-01-11T02:42:03Z
UCyOOQJzQSNMjFJqb3gQENtg,ctVnyT78gFo,2020-01-09T20:05:34Z
UCyOOQJzQSNMjFJqb3gQENtg,EUn_NxQSYiA,2019-11-18T22:45:11Z
UCyOOQJzQSNMjFJqb3gQENtg,3SAqRNSXqFg,2019-10-23T19:15:12Z
UCyOOQJzQSNMjFJqb3gQENtg,h1PdU85JGuk,2019-09-17T05:16:37Z
UCyOOQJzQSNMjFJqb3gQENtg,C2Xa50a269g,2019-09-12T15:45:10Z
UCyOOQJzQSNMjFJqb3gQENtg,mHBQoUqwBVM,2019-09-11T17:37:03Z
UCyOOQJzQSNMjFJqb3gQENtg,Cg868KBI9Xo,2019-09-10T16:15:25Z
UCyOOQJzQSNMjFJqb3gQENtg,SpsVJI47UP8,2019-09-07T04:54:50Z
UCyOOQJzQSNMjFJqb3gQENtg,5C-5aUMMkFQ,2019-09-04T23:23:10Z
UCyOOQJzQSNMjFJqb3gQENtg,xhUvddQUw78,2019-09-02T18:00:12Z
UCur6nu-T7FilkEztCm_S8yA,cVHHVTZH9kw,2022-04-19T19:52:01Z
UCur6nu-T7FilkEztCm_S8yA,1ZJmvDPhI2k,2022-02-09T16:20:58Z
UCur6nu-T7FilkEztCm_S8yA,3vmocWPFuuM,2021-12-04T09:18:16Z
UCur6nu-T7FilkEztCm_S8yA,Twpw_zcuIqk,2021-12-03T11:22:36Z
UCur6nu-T7FilkEztCm_S8yA,k8PhwPJXwHs,2020-12-26T10:49:18Z
UCur6nu-T7FilkEztCm_S8yA,UhnSUDpMHhQ,2020-12-09T12:55:22Z
UCur6nu-T7FilkEztCm_S8yA,rYyvrRemH54,2020-09-10T15:00:40Z
UCur6nu-T7FilkEztCm_S8yA,FC_H8aW11Y4,2020-06-30T09:45:59Z
UCur6nu-T7FilkEztCm_S8yA,hCTBixmYlr0,2020-06-11T13:39:49Z
UCur6nu-T7FilkEztCm_S8yA,kHU5FSnRY2U,2020-06-08T21:16:38Z
UCur6nu-T7FilkEztCm_S8yA,bGYncyl19pE,2020-05-30T15:31:00Z
UCur6nu-T7FilkEztCm_S8yA,yov4FsRlgNQ,2020-05-29T11:48:29Z
UCur6nu-T7FilkEztCm_S8yA,MTPTcT3goW8,2020-05-23T17:03:15Z
UCur6nu-T7FilkEztCm_S8yA,QSdN9OzB6pY,2020-05-20T11:03:57Z
UCur6nu-T7FilkEztCm_S8yA,vVmIszHH7lo,2020-05-09T15:00:26Z
UCur6nu-T7FilkEztCm_S8yA,5LnojuZg1Bc,2020-05-08T14:44:02Z
UCur6nu-T7FilkEztCm_S8yA,DrMDzokax7Y,2020-05-02T10:35:39Z
UCur6nu-T7FilkEztCm_S8yA,60nFxf6EFsM,2020-04-25T11:09:41Z
UCur6nu-T7FilkEztCm_S8yA,Kg3aKFRH-YM,2020-04-22T15:13:10Z
UCur6nu-T7FilkEztCm_S8yA,OSDEWfmjz5E,2020-03-12T12:00:06Z
UCur6nu-T7FilkEztCm_S8yA,XFIkw3Qmy5U,2022-05-09T14:07:58Z
UCur6nu-T7FilkEztCm_S8yA,vjXeabBrnY0,2021-12-18T00:00:15Z
UCur6nu-T7FilkEztCm_S8yA,k9N6MNFWDFM,2021-12-17T00:00:12Z
UCur6nu-T7FilkEztCm_S8yA,WmCgATs_SsQ,2021-12-16T10:39:14Z
UCur6nu-T7FilkEztCm_S8yA,nl4bEtuz_h4,2021-11-29T11:24:06Z
UCur6nu-T7FilkEztCm_S8yA,KZVwOa00dug,2021-11-27T08:00:06Z
UCur6nu-T7FilkEztCm_S8yA,_gBaK3-Q5AY,2021-11-24T18:20:51Z
UCur6nu-T7FilkEztCm_S8yA,PSACN0W23sY,2021-11-09T17:47:31Z
UCur6nu-T7FilkEztCm_S8yA,RCgp3Mwfa1Y,2021-11-02T12:07:14Z
UCur6nu-T7FilkEztCm_S8yA,1CYH7hHp0Ik,2021-10-30T08:00:02Z
UCur6nu-T7FilkEztCm_S8yA,9mjhhKEtOu8,2021-10-26T09:43:08Z
UCur6nu-T7FilkEztCm_S8yA,P6vLOMEY-IA,2021-10-22T10:00:43Z
UCur6nu-T7FilkEztCm_S8yA,fM-tzJfiUWA,2021-10-19T15:38:05Z
UCur6nu-T7FilkEztCm_S8yA,G4pA5EWwwrU,2021-09-24T08:47:15Z
UCur6nu-T7FilkEztCm_S8yA,9uKMK3CnvEE,2021-09-20T09:38:14Z
UCur6nu-T7FilkEztCm_S8yA,jTLYYnynbiw,2021-09-14T08:19:58Z
UCur6nu-T7FilkEztCm_S8yA,WpA1Cd9JQ1s,2021-07-03T19:49:45Z
UCur6nu-T7FilkEztCm_S8yA,916PXJn00Ro,2021-06-07T14:43:22Z
UCur6nu-T7FilkEztCm_S8yA,mfgUq_9OmFg,2021-06-06T12:36:36Z
UCur6nu-T7FilkEztCm_S8yA,UInMaOXT9SA,2021-06-06T12:31:42Z
UCRAxuaq1xwUGuQ_KaOYbUXg,Whe9o9xrOWw,2019-06-18T19:57:43Z
UCRAxuaq1xwUGuQ_KaOYbUXg,OoAVzMUHBo0,2019-06-18T19:03:27Z
UCRAxuaq1xwUGuQ_KaOYbUXg,m2s8lew-Yt8,2019-06-18T18:57:09Z
UCRAxuaq1xwUGuQ_KaOYbUXg,tzBz7Wj2lgo,2019-06-18T18:11:32Z
UCRAxuaq1xwUGuQ_KaOYbUXg,xQ5hEAeaUvM,2019-06-18T18:02:38Z
UCRAxuaq1xwUGuQ_KaOYbUXg,07Gsa0P47sU,2019-06-18T18:44:42Z
UCRAxuaq1xwUGuQ_KaOYbUXg,ojR-eEQ1S6s,2019-06-18T18:37:45Z
UCRAxuaq1xwUGuQ_KaOYbUXg,-pLhBJcn1f4,2019-06-18T18:25:39Z
UCRAxuaq1xwUGuQ_KaOYbUXg,oUGkGhG2ceE,2019-06-18T18:19:24Z
UCRAxuaq1xwUGuQ_KaOYbUXg,EgNf4VEcoWo,2019-06-18T17:56:27Z
UCRAxuaq1xwUGuQ_KaOYbUXg,hWOemwb4_y8,2016-06-05T20:52:29Z
UCZtDKD0pFpPclXA7ZAti90w,BDrmb4n_0ts,2022-05-03T03:22:32Z
UCZtDKD0pFpPclXA7ZAti90w,DdbV4SLEvbo,2022-04-23T04:56:25Z
UCZtDKD0pFpPclXA7ZAti90w,YpQRohBoIMg,2022-04-23T00:23:53Z
UCZtDKD0pFpPclXA7ZAti90w,8zXlkpS2340,2022-03-07T19:48:49Z
UCZtDKD0pFpPclXA7ZAti90w,B2pnq5jkRZo,2022-03-01T03:48:44Z
UCZtDKD0pFpPclXA7ZAti90w,8vdep9o2u8Y,2022-01-17T00:40:41Z
UCZtDKD0pFpPclXA7ZAti90w,lB1moHNTYb0,2022-01-10T03:20:43Z
UCZtDKD0pFpPclXA7ZAti90w,dtlKVEQnRQg,2022-01-08T00:50:49Z
UCZtDKD0pFpPclXA7ZAti90w,Ce6WQ_397l4,2021-10-23T04:49:38Z
UCZtDKD0pFpPclXA7ZAti90w,3igdsaLCH-0,2021-09-12T21:39:35Z
UCZtDKD0pFpPclXA7ZAti90w,w0Fk89nhL5Q,2021-06-23T21:39:44Z
UCZtDKD0pFpPclXA7ZAti90w,gyvlxQiyEKI,2021-04-26T08:37:38Z
UCZtDKD0pFpPclXA7ZAti90w,WIG_bVxgfJw,2021-03-31T06:38:22Z
UCZtDKD0pFpPclXA7ZAti90w,nn9XmDZ36Rs,2021-03-18T17:38:18Z
UCZtDKD0pFpPclXA7ZAti90w,vShe4ZbqFKU,2021-02-13T22:59:45Z
UCZtDKD0pFpPclXA7ZAti90w,NOkFiqnxWPY,2021-02-11T21:39:58Z
UCZtDKD0pFpPclXA7ZAti90w,WFyKvUVckWk,2021-02-09T07:15:29Z
UCZtDKD0pFpPclXA7ZAti90w,Uz0c7uihWGw,2021-02-09T07:11:48Z
UCZtDKD0pFpPclXA7ZAti90w,XC-EB2ELuBE,2021-01-06T09:34:46Z
UCZtDKD0pFpPclXA7ZAti90w,Q3lmkwvfcew,2020-04-25T02:08:37Z
UCZtDKD0pFpPclXA7ZAti90w,pKM-_x5vgNI,2022-05-05T18:36:39Z
UCZtDKD0pFpPclXA7ZAti90w,oEUTSkobrE8,2022-04-25T20:48:42Z
UCZtDKD0pFpPclXA7ZAti90w,2rmkXW0Eb2E,2022-04-23T06:02:37Z
UCZtDKD0pFpPclXA7ZAti90w,51jA2-CGzIg,2022-03-29T00:54:12Z
UCZtDKD0pFpPclXA7ZAti90w,_zBhlA4Iwg4,2022-02-02T20:09:03Z
UCZtDKD0pFpPclXA7ZAti90w,9YrEp9Mw7-0,2021-07-30T23:14:23Z
UCZtDKD0pFpPclXA7ZAti90w,904sXLz-IEc,2021-05-04T03:29:35Z
UCZtDKD0pFpPclXA7ZAti90w,x-wk37Tt1Cs,2021-01-29T03:11:35Z
UCZtDKD0pFpPclXA7ZAti90w,YK1KKJ-igG8,2020-04-27T03:42:35Z
UCZtDKD0pFpPclXA7ZAti90w,KJg7g33Wj90,2020-03-01T00:43:43Z
UCZtDKD0pFpPclXA7ZAti90w,4IQpMAHsaIw,2020-02-15T03:33:26Z
UCZtDKD0pFpPclXA7ZAti90w,Kp4mnTwLhdQ,2019-11-04T16:38:28Z
UCZtDKD0pFpPclXA7ZAti90w,m4qJAGz2_NU,2019-11-02T04:13:11Z
UCZtDKD0pFpPclXA7ZAti90w,DiKxp8S50q0,2019-10-15T05:51:10Z
UCZtDKD0pFpPclXA7ZAti90w,97lktPiWbeY,2019-06-08T21:47:55Z
UCZtDKD0pFpPclXA7ZAti90w,oAU4Za1Imd4,2019-05-24T22:16:14Z
UCZtDKD0pFpPclXA7ZAti90w,J884JdQ6wHw,2019-04-30T18:09:05Z
UCZtDKD0pFpPclXA7ZAti90w,XlMkR4R5vJQ,2019-02-03T00:25:14Z
UCZtDKD0pFpPclXA7ZAti90w,x5qBk5YIEmw,2019-01-09T00:42:04Z
UCZtDKD0pFpPclXA7ZAti90w,Ma5jjo714a0,2018-12-04T00:01:14Z
UCVO8YsD87ibqRGIJ7o8sOzg,ADvJ8p8yY-c,2019-07-19T19:50:26Z
UCVO8YsD87ibqRGIJ7o8sOzg,vm6MzvC-8pU,2019-06-27T20:02:35Z
UCVO8YsD87ibqRGIJ7o8sOzg,NJW_av0PQXM,2019-06-12T19:22:39Z
UCVO8YsD87ibqRGIJ7o8sOzg,LUYBWuI5uXk,2019-05-27T22:05:40Z
UCVO8YsD87ibqRGIJ7o8sOzg,OYcYv174KQ4,2019-05-09T20:17:23Z
UCVO8YsD87ibqRGIJ7o8sOzg,rn2Y1r8uLZ4,2019-04-17T19:34:18Z
UCVO8YsD87ibqRGIJ7o8sOzg,LzygkxPK6YA,2019-04-03T20:16:34Z
UCVO8YsD87ibqRGIJ7o8sOzg,ASZooYTwgEo,2019-03-18T19:44:49Z
UCVO8YsD87ibqRGIJ7o8sOzg,8uuYm7KDm_A,2019-02-27T22:25:10Z
UCVO8YsD87ibqRGIJ7o8sOzg,JOMYsOGei08,2019-02-13T21:24:51Z
UCVO8YsD87ibqRGIJ7o8sOzg,BHHJaEqMSqQ,2019-01-30T20:37:28Z
UCVO8YsD87ibqRGIJ7o8sOzg,IMFV705oG_c,2019-01-09T23:00:33Z
UCVO8YsD87ibqRGIJ7o8sOzg,D9NY-CH8mx4,2018-12-24T01:57:28Z
UCVO8YsD87ibqRGIJ7o8sOzg,MHem6JMzYiE,2018-11-21T21:18:53Z
UCVO8YsD87ibqRGIJ7o8sOzg,tqqwTgk8ri0,2018-11-13T04:51:31Z
UCVO8YsD87ibqRGIJ7o8sOzg,R30b94-3f5E,2018-10-30T00:35:53Z
UCVO8YsD87ibqRGIJ7o8sOzg,LCg_EyrD27o,2018-10-14T20:25:26Z
UCVO8YsD87ibqRGIJ7o8sOzg,Rr8QaMlSLjE,2018-10-02T21:01:28Z
UCVO8YsD87ibqRGIJ7o8sOzg,pjrCRyZVTE8,2018-09-18T20:35:05Z
UCVO8YsD87ibqRGIJ7o8sOzg,QHCg8mHzuz0,2018-09-13T04:09:27Z
UCIfnKm98q78j2ZNcfSQhhCQ,kCpzk-EDXSQ,2018-01-16T15:57:39Z
UCIfnKm98q78j2ZNcfSQhhCQ,DSwAd2T41-o,2013-11-13T16:37:36Z
UCIfnKm98q78j2ZNcfSQhhCQ,DLkeIACfi4Y,2013-08-28T22:10:55Z
UCIfnKm98q78j2ZNcfSQhhCQ,Dpof96pVx-c,2013-05-08T00:00:20Z
UCIfnKm98q78j2ZNcfSQhhCQ,fXbodjwAqTM,2013-03-03T08:26:53Z
UCIfnKm98q78j2ZNcfSQhhCQ,V-u7RtJ5nE8,2013-02-07T11:31:46Z
UCIfnKm98q78j2ZNcfSQhhCQ,grtoP58Si1M,2013-01-07T06:38:36Z
UCIfnKm98q78j2ZNcfSQhhCQ,hD6k1pCGpWs,2012-06-25T05:27:39Z
UCIfnKm98q78j2ZNcfSQhhCQ,SKihbhYnVBA,2012-06-21T04:33:12Z
UCIfnKm98q78j2ZNcfSQhhCQ,4343dv0jOUI,2012-06-14T05:50:52Z
UCIfnKm98q78j2ZNcfSQhhCQ,xE4yMA7O7wY,2012-05-29T02:59:01Z
UCIfnKm98q78j2ZNcfSQhhCQ,pDghBeYb-u8,2012-05-22T09:28:08Z
UCIfnKm98q78j2ZNcfSQhhCQ,wTXbk5A8CIM,2012-05-01T09:04:45Z
UCIfnKm98q78j2ZNcfSQhhCQ,FsaieZt5vjk,2014-01-19T20:20:21Z
UCIfnKm98q78j2ZNcfSQhhCQ,cQ6WbmWU0QI,2012-11-24T22:31:16Z
UCIfnKm98q78j2ZNcfSQhhCQ,XVlE6BM_lIU,2012-09-29T02:52:40Z
UCIfnKm98q78j2ZNcfSQhhCQ,DNcwaR2xW1Q,2012-07-10T00:27:55Z
UCIfnKm98q78j2ZNcfSQhhCQ,eaQHjzVUkNs,2012-06-26T08:02:56Z
UCIfnKm98q78j2ZNcfSQhhCQ,mwoQKt2vbNY,2012-04-29T23:10:32Z
UCIfnKm98q78j2ZNcfSQhhCQ,13Rll6ZHbow,2012-04-15T20:37:13Z
UC0b-vEnPRxtkMJj7xxDnJIA,zlJ3nYlRHhg,2022-03-25T19:00:22Z
UC0b-vEnPRxtkMJj7xxDnJIA,oFxFZJycdLE,2022-03-18T18:15:02Z
UC0b-vEnPRxtkMJj7xxDnJIA,tneczHY95kc,2022-02-11T00:26:28Z
UC0b-vEnPRxtkMJj7xxDnJIA,X6EKmjbljE8,2021-11-10T20:00:48Z
UC0b-vEnPRxtkMJj7xxDnJIA,M1CA33G98cM,2021-10-05T23:17:54Z
UC0b-vEnPRxtkMJj7xxDnJIA,e7Wgun9SDqU,2021-09-28T01:06:34Z
UC0b-vEnPRxtkMJj7xxDnJIA,Hh7DZK339Po,2021-07-02T22:03:35Z
UC0b-vEnPRxtkMJj7xxDnJIA,U4bL0XayPCo,2021-02-23T01:31:15Z
UC0b-vEnPRxtkMJj7xxDnJIA,AKI_mCpT_jg,2021-01-07T04:25:54Z
UC0b-vEnPRxtkMJj7xxDnJIA,cfkjxnoFU3Y,2020-12-15T04:03:29Z
UC0b-vEnPRxtkMJj7xxDnJIA,GPZTW5MZwAc,2020-05-25T20:00:02Z
UC0b-vEnPRxtkMJj7xxDnJIA,kaLrOH1Y_y0,2020-05-18T20:00:19Z
UC0b-vEnPRxtkMJj7xxDnJIA,oyhCzCd3Ouo,2020-05-12T20:00:08Z
UC0b-vEnPRxtkMJj7xxDnJIA,Xf_7aoBwpUU,2020-04-09T20:00:08Z
UC0b-vEnPRxtkMJj7xxDnJIA,m2xyL2pHyks,2020-03-17T16:57:17Z
UC0b-vEnPRxtkMJj7xxDnJIA,QP5SejgFUd0,2019-05-16T19:30:00Z
UC0b-vEnPRxtkMJj7xxDnJIA,XrFhSB_EtD4,2019-04-01T14:00:05Z
UC0b-vEnPRxtkMJj7xxDnJIA,6gwZJ8paGbk,2019-03-28T23:42:52Z
UC0b-vEnPRxtkMJj7xxDnJIA,HvLmj6IxZbc,2019-03-13T20:00:02Z
UC0b-vEnPRxtkMJj7xxDnJIA,16suso2ZBno,2018-10-12T02:13:35Z
UC0b-vEnPRxtkMJj7xxDnJIA,BpF5FkiuOeM,2022-02-22T00:09:42Z
UC0b-vEnPRxtkMJj7xxDnJIA,rRVfSmvfodI,2021-12-08T21:00:30Z
UC0b-vEnPRxtkMJj7xxDnJIA,6yImSKBNT2g,2021-09-23T00:17:00Z
UC0b-vEnPRxtkMJj7xxDnJIA,1mE6MfWvstk,2021-09-16T21:37:32Z
UC0b-vEnPRxtkMJj7xxDnJIA,wVG7HuLcwNE,2021-09-07T04:37:40Z
UC0b-vEnPRxtkMJj7xxDnJIA,gWliU8w3lNc,2021-08-02T16:42:28Z
UC0b-vEnPRxtkMJj7xxDnJIA,JcICfAcpE6E,2020-10-16T20:30:01Z
UC0b-vEnPRxtkMJj7xxDnJIA,YEoy2wvBeBg,2020-10-10T15:29:41Z
UC0b-vEnPRxtkMJj7xxDnJIA,unJj6AZP7FM,2020-06-08T20:00:14Z
UC0b-vEnPRxtkMJj7xxDnJIA,_xkOJ_M-XAo,2020-06-01T20:00:08Z
UC0b-vEnPRxtkMJj7xxDnJIA,CfDjz-K6obw,2020-05-28T20:00:02Z
UC0b-vEnPRxtkMJj7xxDnJIA,qunpP6KuPZM,2020-05-26T20:00:09Z
UC0b-vEnPRxtkMJj7xxDnJIA,5I0T3JDE5b0,2020-05-23T20:17:36Z
UC0b-vEnPRxtkMJj7xxDnJIA,ukEWtxsa6OY,2020-05-11T20:00:13Z
UC0b-vEnPRxtkMJj7xxDnJIA,zC1xvkWfSHs,2020-05-09T19:54:19Z
UC0b-vEnPRxtkMJj7xxDnJIA,2K1JzBZmbug,2020-05-07T20:00:00Z
UC0b-vEnPRxtkMJj7xxDnJIA,sti3Ekh-iJw,2020-05-04T20:00:11Z
UC0b-vEnPRxtkMJj7xxDnJIA,Vf4Ii2FrUb4,2020-04-28T21:15:27Z
UC0b-vEnPRxtkMJj7xxDnJIA,30uMgXe8T5k,2020-04-25T14:00:00Z
UC0b-vEnPRxtkMJj7xxDnJIA,PGBv9puAX1w,2020-02-26T21:00:04Z
UCr6gdokI-jE_T1b5AmOOdxg,MX-04la9ljo,2012-02-05T12:37:53Z
UCr6gdokI-jE_T1b5AmOOdxg,UJP14mMK4Tw,2010-12-22T12:05:04Z
UCqDUhDiWJdk3inMxtEPOUWw,yKLYnC6d8ZM,2020-03-13T05:53:50Z
UCqDUhDiWJdk3inMxtEPOUWw,hVfCydL-dKc,2017-04-05T08:23:49Z
UCqDUhDiWJdk3inMxtEPOUWw,onKUk1Yjt60,2014-12-05T22:12:18Z
UCqDUhDiWJdk3inMxtEPOUWw,Tw-NYNphc9Y,2014-12-04T07:06:10Z
UCqDUhDiWJdk3inMxtEPOUWw,h8XZqQ5WxBo,2014-11-05T02:37:58Z
UCqDUhDiWJdk3inMxtEPOUWw,vTKXL_vBBBk,2014-04-10T12:43:41Z
UCqDUhDiWJdk3inMxtEPOUWw,q9DYz0WXsms,2014-03-02T23:39:03Z
UCqDUhDiWJdk3inMxtEPOUWw,uAAyLZ7KSA8,2014-03-02T01:56:56Z
UCqDUhDiWJdk3inMxtEPOUWw,wFxG-TStOnU,2014-01-20T00:47:20Z
UCqDUhDiWJdk3inMxtEPOUWw,b7mFJUOzpdU,2013-11-04T03:16:29Z
UCqDUhDiWJdk3inMxtEPOUWw,dCoU9sgPAWc,2013-09-04T07:41:59Z
UCqDUhDiWJdk3inMxtEPOUWw,GtfIkrtTZoc,2013-08-28T12:35:38Z
UCqDUhDiWJdk3inMxtEPOUWw,ELHADuvaR1k,2013-07-20T02:45:49Z
UCqDUhDiWJdk3inMxtEPOUWw,6GzBwPMjBXw,2013-07-20T02:27:59Z
UCqDUhDiWJdk3inMxtEPOUWw,61ZQHa8kqgE,2013-07-02T07:02:45Z
UCqDUhDiWJdk3inMxtEPOUWw,0bWSyeK4vm0,2013-06-23T11:55:46Z
UCqDUhDiWJdk3inMxtEPOUWw,-2CPxkHtAG8,2013-05-31T11:59:59Z
UCqDUhDiWJdk3inMxtEPOUWw,HqanOYf93do,2013-05-14T04:01:46Z
UCqDUhDiWJdk3inMxtEPOUWw,RqT1GPxEKVk,2013-04-20T07:15:20Z
UCqDUhDiWJdk3inMxtEPOUWw,VfgEjbEKiEE,2013-03-01T11:22:41Z
UCqDUhDiWJdk3inMxtEPOUWw,wxG-WdzF0fg,2021-01-05T11:04:34Z
UCqDUhDiWJdk3inMxtEPOUWw,WeIh6b7gaFs,2020-12-31T07:29:05Z
UCqDUhDiWJdk3inMxtEPOUWw,G5SGOKEDRKU,2020-12-07T12:31:47Z
UCqDUhDiWJdk3inMxtEPOUWw,7bcz-eyL9OM,2020-11-22T09:40:16Z
UCqDUhDiWJdk3inMxtEPOUWw,O5iTBaDYi78,2020-11-18T06:04:16Z
UCqDUhDiWJdk3inMxtEPOUWw,JbNlCHslGG4,2020-10-26T12:24:16Z
UCqDUhDiWJdk3inMxtEPOUWw,sZ7CMUhCHMI,2020-06-15T13:26:25Z
UCqDUhDiWJdk3inMxtEPOUWw,Sljp0i-sKWo,2020-06-15T05:11:39Z
UCqDUhDiWJdk3inMxtEPOUWw,5JjfPDJEAH8,2020-06-14T06:58:39Z
UCqDUhDiWJdk3inMxtEPOUWw,p4-14CKQ144,2020-06-14T02:33:53Z
UCqDUhDiWJdk3inMxtEPOUWw,W5_ddkCFwnI,2020-06-07T12:00:55Z
UCqDUhDiWJdk3inMxtEPOUWw,BmfgVUOzrNo,2020-06-04T15:02:04Z
UCqDUhDiWJdk3inMxtEPOUWw,KS4Flr0lJmU,2020-05-31T09:58:56Z
UCqDUhDiWJdk3inMxtEPOUWw,yK4tJV6qMFM,2020-05-22T04:52:04Z
UCqDUhDiWJdk3inMxtEPOUWw,wzhG5W6tfxk,2020-05-19T08:27:43Z
UCqDUhDiWJdk3inMxtEPOUWw,ohgri1awhZU,2020-05-16T03:16:03Z
UCqDUhDiWJdk3inMxtEPOUWw,ZKiVROTlw7I,2020-05-08T05:16:44Z
UCqDUhDiWJdk3inMxtEPOUWw,MQvIUqrV4BI,2020-04-26T07:15:18Z
UCqDUhDiWJdk3inMxtEPOUWw,yOPUY2c2HmM,2020-04-13T10:24:29Z
UCqDUhDiWJdk3inMxtEPOUWw,3o456YxjyOM,2019-07-30T14:18:02Z
UCLM6JlQkQ9tltBL9Bipci9g,r2T8akG6jGE,2021-05-20T20:52:08Z
UCLM6JlQkQ9tltBL9Bipci9g,cUsOr2FGNKE,2020-11-14T18:52:44Z
UCLM6JlQkQ9tltBL9Bipci9g,Beqz6uKRwWA,2019-06-18T23:38:48Z
UCLM6JlQkQ9tltBL9Bipci9g,1b5yAX8tZ1w,2017-11-19T23:12:09Z
UCLM6JlQkQ9tltBL9Bipci9g,c3agohfmUH4,2017-06-13T23:11:18Z
UCLM6JlQkQ9tltBL9Bipci9g,SRm-BcoEGNc,2017-06-12T21:35:22Z
UCLM6JlQkQ9tltBL9Bipci9g,6UyCuk6XA9w,2017-03-31T20:31:01Z
UCLM6JlQkQ9tltBL9Bipci9g,MrlLHUgw_QU,2016-01-05T20:37:31Z
UCLM6JlQkQ9tltBL9Bipci9g,n-F-IYr4Cyw,2014-12-24T23:07:51Z
UCLM6JlQkQ9tltBL9Bipci9g,swaMx0RhBsQ,2013-02-24T00:01:04Z
UCLM6JlQkQ9tltBL9Bipci9g,21YZhnM1o0U,2021-06-06T20:48:13Z
UCLM6JlQkQ9tltBL9Bipci9g,7afgxY9fm1o,2020-08-25T21:44:56Z
UCLM6JlQkQ9tltBL9Bipci9g,XB4ptBXroTw,2019-07-26T18:28:41Z
UCLM6JlQkQ9tltBL9Bipci9g,gl8tNegT3P8,2019-07-05T11:30:14Z
UCLM6JlQkQ9tltBL9Bipci9g,_c6Vx-iHpnA,2019-06-16T18:58:46Z
UCLM6JlQkQ9tltBL9Bipci9g,nd1pHD3uWPg,2019-06-14T10:06:30Z
UCLM6JlQkQ9tltBL9Bipci9g,pyul-iH9adU,2019-03-04T22:17:17Z
UCLM6JlQkQ9tltBL9Bipci9g,c4XO2QIc6y4,2019-02-24T23:14:58Z
UCLM6JlQkQ9tltBL9Bipci9g,ECBvn5_rInE,2019-02-16T10:21:26Z
UCLM6JlQkQ9tltBL9Bipci9g,aTFtwyDK6rU,2018-08-15T23:17:00Z
UCLM6JlQkQ9tltBL9Bipci9g,TaiQ1PkhMjY,2018-07-03T13:56:01Z
UCLM6JlQkQ9tltBL9Bipci9g,TENCjqm0ql4,2018-03-06T11:12:26Z
UCLM6JlQkQ9tltBL9Bipci9g,HNdoJRUEexU,2018-01-28T09:56:39Z
UCLM6JlQkQ9tltBL9Bipci9g,uleku615u7M,2017-10-29T13:49:35Z
UCLM6JlQkQ9tltBL9Bipci9g,Muq2UglLUgo,2017-06-20T10:23:37Z
UCLM6JlQkQ9tltBL9Bipci9g,A9QRpgLo9dA,2017-05-22T13:20:55Z
UCLM6JlQkQ9tltBL9Bipci9g,vqEw2K2aRyY,2017-03-21T13:35:50Z
UCLM6JlQkQ9tltBL9Bipci9g,aS1pUH_IzWc,2017-02-20T14:47:05Z
UCLM6JlQkQ9tltBL9Bipci9g,Hl7G5y-KGeM,2017-01-27T12:08:16Z
UCLM6JlQkQ9tltBL9Bipci9g,VuaimZALsGE,2017-01-04T23:53:18Z
UCdEfsAy6rUDPnm9HwKA_asg,PValA8UxSnw,2020-06-14T17:00:42Z
UCdEfsAy6rUDPnm9HwKA_asg,HTRMRJsn_mA,2019-08-06T01:56:34Z
UCdEfsAy6rUDPnm9HwKA_asg,81tZeOCNf1A,2018-08-04T01:23:19Z
UCdEfsAy6rUDPnm9HwKA_asg,DFJjNJQDMQY,2020-11-15T09:56:35Z
UCdEfsAy6rUDPnm9HwKA_asg,WTSDRo_m8U4,2020-10-27T00:26:06Z
UCdEfsAy6rUDPnm9HwKA_asg,AVWTbcjaL7o,2020-07-04T04:00:13Z
UCdEfsAy6rUDPnm9HwKA_asg,CWEMXCHPdvw,2020-03-26T13:21:26Z
UCdEfsAy6rUDPnm9HwKA_asg,KF7ejkBhu1k,2019-09-23T06:05:25Z
UCdEfsAy6rUDPnm9HwKA_asg,4n0KlBJ-k-Q,2019-09-06T13:12:46Z
UCdEfsAy6rUDPnm9HwKA_asg,cYptNFkMYp8,2019-05-14T03:56:33Z
UCdEfsAy6rUDPnm9HwKA_asg,TFqWsMn0rrk,2019-02-13T07:00:02Z
UCdEfsAy6rUDPnm9HwKA_asg,K7OCGtBo_tE,2019-01-15T13:32:26Z
UCdEfsAy6rUDPnm9HwKA_asg,4LG7Af186_c,2018-12-26T23:12:40Z
UCdEfsAy6rUDPnm9HwKA_asg,65MWh7mu1Bw,2018-12-23T21:00:23Z
UCdEfsAy6rUDPnm9HwKA_asg,-zuhNFgimyU,2018-12-23T05:15:43Z
UCdEfsAy6rUDPnm9HwKA_asg,ixEO1FpWTio,2018-12-19T22:41:03Z
UCdEfsAy6rUDPnm9HwKA_asg,2OKr-F8TmDc,2018-12-09T12:17:16Z
UCdEfsAy6rUDPnm9HwKA_asg,Fz_VZDDvQ2E,2018-10-20T02:11:01Z
UCdEfsAy6rUDPnm9HwKA_asg,7WoKnW4WjD0,2018-07-28T04:44:17Z
UCdEfsAy6rUDPnm9HwKA_asg,nMILWSbtans,2018-07-27T03:33:15Z
UCdEfsAy6rUDPnm9HwKA_asg,omnCycXbEcc,2018-07-23T13:05:35Z
UCdEfsAy6rUDPnm9HwKA_asg,tpc5mnXj5CE,2018-07-21T08:41:55Z
UCdEfsAy6rUDPnm9HwKA_asg,p5Rl0lBYmAk,2018-04-06T10:57:46Z
UCPaDUD522GNh4WqMqTnzO2A,gbRFHWAvCRg,2019-03-02T19:56:19Z
UCPaDUD522GNh4WqMqTnzO2A,wIJJOH3CIAQ,2017-08-11T00:48:53Z
UCPaDUD522GNh4WqMqTnzO2A,nqW0jAhvrik,2017-08-10T02:17:36Z
UCPaDUD522GNh4WqMqTnzO2A,cvhsDCxFFWQ,2017-06-20T04:12:34Z
UCPaDUD522GNh4WqMqTnzO2A,SSZAv-Q7jbc,2021-02-19T13:18:29Z
UCPaDUD522GNh4WqMqTnzO2A,sKSF7a353aQ,2021-02-14T14:51:53Z
UCPaDUD522GNh4WqMqTnzO2A,UMNL1Z_eHiM,2021-01-29T19:23:34Z
UCPaDUD522GNh4WqMqTnzO2A,FJsLRvp5FKw,2020-07-07T19:21:08Z
UCPaDUD522GNh4WqMqTnzO2A,Ahd2J9Y8Hp0,2020-06-04T01:39:02Z
UCPaDUD522GNh4WqMqTnzO2A,5hnRUN8uJXc,2020-03-08T22:29:25Z
UCPaDUD522GNh4WqMqTnzO2A,WGUFfV06itA,2020-01-09T18:46:35Z
UCPaDUD522GNh4WqMqTnzO2A,41asNTnc-Wo,2019-11-26T20:21:17Z
UCPaDUD522GNh4WqMqTnzO2A,oLxyvPEpI4o,2019-10-20T19:43:04Z
UCPaDUD522GNh4WqMqTnzO2A,ZzOuhiEixwE,2019-09-29T00:30:11Z
UCPaDUD522GNh4WqMqTnzO2A,4PEuDauLOas,2019-07-27T21:51:45Z
UCPaDUD522GNh4WqMqTnzO2A,jBZ1Y3t-k4o,2019-07-17T20:56:17Z
UCPaDUD522GNh4WqMqTnzO2A,RRip8Z7K1Es,2019-06-29T22:20:05Z
UCPaDUD522GNh4WqMqTnzO2A,Lmmy4-LrsHM,2019-06-21T18:57:14Z
UCPaDUD522GNh4WqMqTnzO2A,6iR75TSDqj8,2019-06-11T18:15:21Z
UCPaDUD522GNh4WqMqTnzO2A,LsPwCdJzV6c,2019-05-28T19:00:29Z
UCPaDUD522GNh4WqMqTnzO2A,QkKdriM0aTg,2019-05-25T14:28:37Z
UCPaDUD522GNh4WqMqTnzO2A,D9QLdqsww_M,2019-05-23T18:43:43Z
UCPaDUD522GNh4WqMqTnzO2A,9RQArKDj6RA,2019-05-23T18:44:31Z
UCPaDUD522GNh4WqMqTnzO2A,HOpxVaEC03s,2019-04-30T16:16:56Z
UC2w1CQqPli4w94-PCg2UvJQ,mzxn34Kn8QQ,2022-04-06T19:00:11Z
UC2w1CQqPli4w94-PCg2UvJQ,tbVQZ3vT1Qw,2022-01-04T17:11:38Z
UC2w1CQqPli4w94-PCg2UvJQ,ZiLYKb7BM-0,2021-10-27T13:03:33Z
UC2w1CQqPli4w94-PCg2UvJQ,-yYGBz2n_fw,2021-04-04T10:30:49Z
UC2w1CQqPli4w94-PCg2UvJQ,z43wBkqa_2M,2021-04-01T00:09:21Z
UC2w1CQqPli4w94-PCg2UvJQ,sIxKpZb8iS0,2021-02-17T11:37:28Z
UC2w1CQqPli4w94-PCg2UvJQ,PuMerbKJRwc,2020-09-29T02:46:41Z
UCoHbKigbQVbt6mygvfKwgmA,hJoUOHkO000,2018-10-29T05:44:10Z
UCoHbKigbQVbt6mygvfKwgmA,8cSuoAc3g_A,2018-05-09T20:57:14Z
UCoHbKigbQVbt6mygvfKwgmA,1JmfLPWAlSM,2017-04-19T04:29:24Z
UCoHbKigbQVbt6mygvfKwgmA,mpF9X9Oht7k,2017-02-23T04:15:55Z
UCoHbKigbQVbt6mygvfKwgmA,xSeQ3QxGm14,2016-12-30T19:18:42Z
UCoHbKigbQVbt6mygvfKwgmA,GNmr50WZCy0,2016-12-07T03:51:13Z
UCoHbKigbQVbt6mygvfKwgmA,xTVYLeMzTgQ,2016-11-10T05:42:35Z
UCoHbKigbQVbt6mygvfKwgmA,0DoGgB-uix0,2016-11-08T03:32:30Z
UCoHbKigbQVbt6mygvfKwgmA,fTuzf-BTNpw,2016-11-02T03:24:28Z
UCoHbKigbQVbt6mygvfKwgmA,AYIrRjQKWQE,2016-10-27T03:52:44Z
UCoHbKigbQVbt6mygvfKwgmA,8GvTA767gHU,2016-10-13T13:29:00Z
UCoHbKigbQVbt6mygvfKwgmA,cQ0NgDjiTBE,2016-09-29T02:32:55Z
UCoHbKigbQVbt6mygvfKwgmA,acgiskSbK10,2016-09-21T19:56:07Z
UCoHbKigbQVbt6mygvfKwgmA,8_wBvF4CQj4,2016-09-15T02:11:33Z
UCoHbKigbQVbt6mygvfKwgmA,BDEGcl0w7F4,2016-09-08T21:29:03Z
UCoHbKigbQVbt6mygvfKwgmA,svevc_hQ3aQ,2016-09-04T17:27:31Z
UCoHbKigbQVbt6mygvfKwgmA,GuHzUa-BSGo,2016-06-08T05:16:45Z
UCoHbKigbQVbt6mygvfKwgmA,R1dtDMyOTDc,2016-06-07T18:20:07Z
UCoHbKigbQVbt6mygvfKwgmA,lyNy8W02hMc,2016-05-12T17:18:25Z
UCoHbKigbQVbt6mygvfKwgmA,IIOxMi5r2AI,2016-04-26T03:23:00Z
UCoHbKigbQVbt6mygvfKwgmA,4_bRN7yX-Zk,2019-06-28T14:00:41Z
UCoHbKigbQVbt6mygvfKwgmA,1LpFVjicp-w,2019-03-02T03:18:21Z
UCoHbKigbQVbt6mygvfKwgmA,bQvZS_UMIT4,2018-08-25T13:57:07Z
UCoHbKigbQVbt6mygvfKwgmA,xM92O4RjahQ,2018-08-11T14:46:15Z
UCoHbKigbQVbt6mygvfKwgmA,nfpH41VH0h0,2018-06-23T03:42:49Z
UCoHbKigbQVbt6mygvfKwgmA,SWlOI9My9cI,2018-05-04T20:05:45Z
UCoHbKigbQVbt6mygvfKwgmA,48-Y4KdG8BA,2018-02-13T02:44:24Z
UCoHbKigbQVbt6mygvfKwgmA,XpB5bee9Rr8,2017-02-03T18:04:55Z
UCoHbKigbQVbt6mygvfKwgmA,trsxpza70_M,2016-09-06T13:25:48Z
UCoHbKigbQVbt6mygvfKwgmA,IdYRN8Clddw,2016-08-10T21:17:49Z
UCoHbKigbQVbt6mygvfKwgmA,0Y60H5au3vo,2016-08-10T13:55:39Z
UCoHbKigbQVbt6mygvfKwgmA,NPcT0BqczTE,2016-04-20T03:26:12Z
UCHC60upCUfq7EAfw6oDQRDA,O8sO86jRdOM,2018-10-14T13:27:05Z
UCHC60upCUfq7EAfw6oDQRDA,o1OGU5Bmv94,2018-04-10T14:21:57Z
UCHC60upCUfq7EAfw6oDQRDA,YEVeFzePoj4,2018-03-26T20:05:36Z
UCHC60upCUfq7EAfw6oDQRDA,ufTNTPdFefU,2017-09-07T06:33:33Z
UCHC60upCUfq7EAfw6oDQRDA,moEPY8kIhts,2015-05-18T07:56:21Z
UCHC60upCUfq7EAfw6oDQRDA,ZjrHUxN0HQU,2015-05-17T13:59:55Z
UCHC60upCUfq7EAfw6oDQRDA,M-N6RmSLY0Q,2014-10-31T22:30:35Z
UCHC60upCUfq7EAfw6oDQRDA,bUdkzI5YMOk,2013-11-27T15:34:58Z
UCHC60upCUfq7EAfw6oDQRDA,kIOzBlphHBs,2013-11-27T15:28:29Z
UCHC60upCUfq7EAfw6oDQRDA,qW2WCxShRJA,2013-09-26T01:41:49Z
UCHC60upCUfq7EAfw6oDQRDA,Ke5LnzrElNw,2013-09-25T07:34:13Z
UCHC60upCUfq7EAfw6oDQRDA,FSb-skTLtXk,2013-09-20T13:43:24Z
UCHC60upCUfq7EAfw6oDQRDA,6bEGmNVeWIY,2013-09-07T22:10:23Z
UCHC60upCUfq7EAfw6oDQRDA,s0fhElasBYs,2013-09-07T00:32:16Z
UCHC60upCUfq7EAfw6oDQRDA,-MpynACND8o,2013-08-29T10:20:07Z
UCHC60upCUfq7EAfw6oDQRDA,Cphq4DZfFLw,2013-08-26T13:36:05Z
UCHC60upCUfq7EAfw6oDQRDA,Ba7eS3Qx8qA,2013-06-14T23:03:39Z
UCHC60upCUfq7EAfw6oDQRDA,kuARFR_lyjA,2013-06-11T18:02:34Z
UCHC60upCUfq7EAfw6oDQRDA,uTp8AAx8SE4,2013-05-18T18:59:48Z
UCHC60upCUfq7EAfw6oDQRDA,OL9fAEKrRiY,2013-05-18T01:44:49Z
UCHC60upCUfq7EAfw6oDQRDA,PXfDkKbK1OY,2019-09-13T10:55:09Z
UCHC60upCUfq7EAfw6oDQRDA,Fj_7DZYZzC4,2019-05-16T17:25:08Z
UCHC60upCUfq7EAfw6oDQRDA,J58gQXjXIEc,2019-05-07T10:27:09Z
UCHC60upCUfq7EAfw6oDQRDA,iEnM_fualmg,2019-05-06T03:03:19Z
UCHC60upCUfq7EAfw6oDQRDA,59S1OmtsZZo,2019-05-05T19:56:26Z
UCHC60upCUfq7EAfw6oDQRDA,-pssDth__Rk,2019-04-28T15:09:06Z
UCHC60upCUfq7EAfw6oDQRDA,kQRckA5XKmA,2018-04-10T09:23:18Z
UCHC60upCUfq7EAfw6oDQRDA,3nu1qi2CXEc,2018-04-08T15:05:54Z
UCHC60upCUfq7EAfw6oDQRDA,yNUK2crjmlY,2018-04-08T14:21:36Z
UCHC60upCUfq7EAfw6oDQRDA,1VvZGNJGopM,2018-04-08T03:32:41Z
UCHC60upCUfq7EAfw6oDQRDA,Zzv0hGwbWH4,2018-04-04T10:00:37Z
UCHC60upCUfq7EAfw6oDQRDA,sqYCvnRIzkc,2018-03-31T18:44:33Z
UCHC60upCUfq7EAfw6oDQRDA,3LpNw9WX4ss,2018-03-26T20:49:10Z
UCHC60upCUfq7EAfw6oDQRDA,H75a7UvVP_E,2018-03-26T12:53:39Z
UCHC60upCUfq7EAfw6oDQRDA,HyOHySHc3f4,2018-03-25T15:28:22Z
UCHC60upCUfq7EAfw6oDQRDA,lNvaUVOZ6hg,2018-03-24T17:31:10Z
UCHC60upCUfq7EAfw6oDQRDA,RD6Lf18Lwfw,2017-09-15T19:30:01Z
UCHC60upCUfq7EAfw6oDQRDA,XPBwto31qsw,2017-09-11T19:30:00Z
UCHC60upCUfq7EAfw6oDQRDA,xuRfQFvhsds,2017-09-09T18:24:56Z
UCHC60upCUfq7EAfw6oDQRDA,-llQviu-OTI,2017-09-07T04:46:22Z
UChKlct63f5tEY-twY8TKAcg,S9P4xR1aBEI,2022-04-26T00:28:42Z
UChKlct63f5tEY-twY8TKAcg,5eVV4xvyh9I,2022-03-25T10:56:05Z
UChKlct63f5tEY-twY8TKAcg,PO4FHne43pk,2022-01-05T20:11:53Z
UChKlct63f5tEY-twY8TKAcg,AzcQ8QM4GTw,2021-09-29T00:07:04Z
UChKlct63f5tEY-twY8TKAcg,Mu8yh1yyZvs,2021-05-14T22:14:40Z
UChKlct63f5tEY-twY8TKAcg,4ggLCv9iRKs,2021-05-10T21:49:28Z
UChKlct63f5tEY-twY8TKAcg,cvK8FVZ87gE,2021-04-05T14:51:21Z
UChKlct63f5tEY-twY8TKAcg,JnWRC4ehYTY,2020-12-22T17:21:40Z
UChKlct63f5tEY-twY8TKAcg,pPvL1hSXT_0,2020-12-01T15:32:44Z
UChKlct63f5tEY-twY8TKAcg,UmtXvUzex6I,2020-11-28T18:48:32Z
UChKlct63f5tEY-twY8TKAcg,qKhSy0FtQsw,2020-11-03T21:42:45Z
UChKlct63f5tEY-twY8TKAcg,eCWHOLjZzSI,2020-10-24T15:48:03Z
UChKlct63f5tEY-twY8TKAcg,IxN_FiglmE0,2020-10-09T23:33:26Z
UChKlct63f5tEY-twY8TKAcg,L-XOyC-8uk4,2020-09-27T08:02:12Z
UChKlct63f5tEY-twY8TKAcg,ysg63b09mdM,2020-09-15T13:10:08Z
UChKlct63f5tEY-twY8TKAcg,Zn8QnTQp2AA,2020-07-21T11:42:04Z
UChKlct63f5tEY-twY8TKAcg,dIVtBTt56TM,2020-07-16T17:43:08Z
UChKlct63f5tEY-twY8TKAcg,UKhFmTD4LoQ,2020-07-13T17:14:58Z
UChKlct63f5tEY-twY8TKAcg,zxMpWb6RyeE,2020-06-03T10:55:57Z
UChKlct63f5tEY-twY8TKAcg,MueT2QlDR7o,2020-02-12T18:40:51Z
UChKlct63f5tEY-twY8TKAcg,3IkRvHgCoDA,2022-05-08T20:46:54Z
UChKlct63f5tEY-twY8TKAcg,GXdIsQwqdXg,2022-05-01T11:39:30Z
UChKlct63f5tEY-twY8TKAcg,8lZW4Ny0B24,2022-03-24T11:27:33Z
UChKlct63f5tEY-twY8TKAcg,HaxCNzp5Ih0,2022-03-17T20:17:59Z
UChKlct63f5tEY-twY8TKAcg,yxDJKcs80yw,2022-03-08T20:13:23Z
UChKlct63f5tEY-twY8TKAcg,9KnSMskTZIg,2022-03-08T10:00:39Z
UChKlct63f5tEY-twY8TKAcg,3BFmEv_5mKU,2022-02-27T22:38:54Z
UChKlct63f5tEY-twY8TKAcg,Bp9HQdneYQI,2022-02-26T17:50:22Z
UChKlct63f5tEY-twY8TKAcg,jwlF7rDZa3U,2022-02-15T12:54:57Z
UChKlct63f5tEY-twY8TKAcg,7zGYyRIPgMw,2022-01-27T00:23:02Z
UChKlct63f5tEY-twY8TKAcg,KDLr6tk7ggA,2022-01-18T17:13:02Z
UChKlct63f5tEY-twY8TKAcg,fNWjiL83Po8,2022-01-16T19:16:58Z
UChKlct63f5tEY-twY8TKAcg,6EL3m6cHSIA,2022-01-07T23:36:59Z
UChKlct63f5tEY-twY8TKAcg,0nuVnkhlboU,2022-01-06T12:48:49Z
UChKlct63f5tEY-twY8TKAcg,tTYQyZyDJFc,2021-12-30T17:44:59Z
UChKlct63f5tEY-twY8TKAcg,UcGWitwKEKc,2021-11-28T21:35:18Z
UChKlct63f5tEY-twY8TKAcg,b6wqU0CZrQo,2021-11-23T01:23:05Z
UChKlct63f5tEY-twY8TKAcg,_yhTLPoKq-k,2021-10-21T00:22:23Z
UChKlct63f5tEY-twY8TKAcg,iz83RRbw2ic,2021-10-11T10:56:29Z
UChKlct63f5tEY-twY8TKAcg,iSZ4njEmr0w,2021-09-19T15:47:06Z
UCkXYznmArMELRxH_36uM1lQ,mqgFCBN9lUU,2016-09-24T02:37:29Z
UCkXYznmArMELRxH_36uM1lQ,yRGYt5dgYtc,2014-10-21T00:47:58Z
UCkXYznmArMELRxH_36uM1lQ,6dv9n9HpUQk,2013-05-28T23:07:37Z
UCkXYznmArMELRxH_36uM1lQ,cuCrgYuswQM,2019-05-24T00:23:04Z
UCkXYznmArMELRxH_36uM1lQ,M9RL2-8aFX8,2014-04-19T00:56:18Z
UCkXYznmArMELRxH_36uM1lQ,fl9HMSTHeTg,2013-11-29T22:57:50Z
UCkXYznmArMELRxH_36uM1lQ,faNge-o0V-k,2012-06-15T02:54:09Z
UCI3rQP3WFT_GwNRtnjHHqzw,Nw5yh2YTDo8,2016-05-12T18:50:57Z
UCI3rQP3WFT_GwNRtnjHHqzw,ariHTB-qdpc,2016-02-04T17:47:34Z
UCI3rQP3WFT_GwNRtnjHHqzw,fI40-7oIYDA,2013-02-14T02:39:36Z
UCI3rQP3WFT_GwNRtnjHHqzw,oDiGmLGQUUE,2013-02-10T01:34:00Z
UCI3rQP3WFT_GwNRtnjHHqzw,uFfiRf9FHL8,2012-12-01T22:13:07Z
UCI3rQP3WFT_GwNRtnjHHqzw,ijUSZP0xPUQ,2012-11-01T22:55:29Z
UCI3rQP3WFT_GwNRtnjHHqzw,l4ovipRA3xc,2012-07-09T00:33:49Z
UCI3rQP3WFT_GwNRtnjHHqzw,G1mt3-ebAqo,2012-06-05T02:07:57Z
UCI3rQP3WFT_GwNRtnjHHqzw,SmNfC_bQkR4,2012-02-24T19:58:31Z
UCI3rQP3WFT_GwNRtnjHHqzw,sq0aD10C6zg,2012-02-11T02:51:07Z
UCI3rQP3WFT_GwNRtnjHHqzw,QGCSIP5lJSc,2012-01-26T23:57:27Z
UCI3rQP3WFT_GwNRtnjHHqzw,PbGj-4EQ8Ds,2012-01-22T17:18:30Z
UCI3rQP3WFT_GwNRtnjHHqzw,9YGiXHNOFzM,2011-11-28T03:43:48Z
UCI3rQP3WFT_GwNRtnjHHqzw,5RwZcZtBTro,2011-11-12T21:00:32Z
UCI3rQP3WFT_GwNRtnjHHqzw,85-Qf3kp6W0,2011-11-05T04:29:54Z
UCI3rQP3WFT_GwNRtnjHHqzw,Qxw2A2ROcCM,2011-10-25T17:54:18Z
UCI3rQP3WFT_GwNRtnjHHqzw,nWJxfBUir9Y,2011-10-25T14:42:06Z
UCI3rQP3WFT_GwNRtnjHHqzw,f4AcLZ3aM3A,2016-02-05T19:25:53Z
UCI3rQP3WFT_GwNRtnjHHqzw,kjjZnhFzhtc,2015-01-23T16:18:49Z
UCI3rQP3WFT_GwNRtnjHHqzw,AaFHGPq_8Z4,2015-01-01T01:05:27Z
UCI3rQP3WFT_GwNRtnjHHqzw,j8zF31hxsL4,2013-09-25T12:51:08Z
UCI3rQP3WFT_GwNRtnjHHqzw,vZ2olkD9Ua8,2013-01-19T20:07:21Z
UCI3rQP3WFT_GwNRtnjHHqzw,OmmpT3qveBk,2013-01-03T13:51:53Z
UCI3rQP3WFT_GwNRtnjHHqzw,j2-Kyc9-O10,2012-10-07T21:49:05Z
UCI3rQP3WFT_GwNRtnjHHqzw,tgoItlwmJAc,2012-08-10T15:58:09Z
UCI3rQP3WFT_GwNRtnjHHqzw,kdjl8rDItqo,2012-07-16T15:45:28Z
UCI3rQP3WFT_GwNRtnjHHqzw,GqRpRg5Jjmk,2012-05-22T01:29:59Z
UCI3rQP3WFT_GwNRtnjHHqzw,qIOpM2ZbEqw,2012-05-11T17:33:32Z
UCI3rQP3WFT_GwNRtnjHHqzw,vCgg1b5CQ4w,2012-04-25T03:14:15Z
UCI3rQP3WFT_GwNRtnjHHqzw,zlyJNcCL_BQ,2012-04-20T12:14:14Z
UCI3rQP3WFT_GwNRtnjHHqzw,1RluxyTlAAE,2012-04-06T01:38:44Z
UCI3rQP3WFT_GwNRtnjHHqzw,2g4Hjzv88Ko,2012-03-31T19:50:19Z
UCI3rQP3WFT_GwNRtnjHHqzw,VyFUpBmXZP4,2012-03-29T21:56:45Z
UCI3rQP3WFT_GwNRtnjHHqzw,k4IUZBAlMzk,2012-03-28T19:36:54Z
UCI3rQP3WFT_GwNRtnjHHqzw,FY6pR30Hzkc,2012-03-26T03:26:55Z
UCI3rQP3WFT_GwNRtnjHHqzw,t13qwzum3VI,2012-03-19T19:59:01Z
UCI3rQP3WFT_GwNRtnjHHqzw,2YbP-4_Pn3c,2012-03-16T00:13:33Z
UCP9oVEmpxbxmHd1_s3w6wTw,mXVucSesM28,2018-07-06T01:58:04Z
UC0h-sR-xyYLX7sSO46ovo2A,Nyr2_YJLMIE,2018-02-27T19:55:50Z
UC0h-sR-xyYLX7sSO46ovo2A,uLE30N0JnDk,2012-04-17T18:26:43Z
UC0h-sR-xyYLX7sSO46ovo2A,y-zZqemUPmM,2012-04-14T13:32:18Z
UC0h-sR-xyYLX7sSO46ovo2A,csPMnw701MQ,2012-04-14T13:33:14Z
UC0h-sR-xyYLX7sSO46ovo2A,kNLR3-YRi6A,2012-04-14T13:30:40Z
UC0h-sR-xyYLX7sSO46ovo2A,srrf27I5FHs,2012-04-14T13:28:59Z
UC0h-sR-xyYLX7sSO46ovo2A,CTtpt00D82s,2012-03-14T10:26:09Z
UC0h-sR-xyYLX7sSO46ovo2A,GUWajd-GK04,2011-07-18T20:43:07Z
UC0h-sR-xyYLX7sSO46ovo2A,XbXo_wKFwiw,2011-07-18T20:09:27Z
UC0h-sR-xyYLX7sSO46ovo2A,SNzSJAoL-sU,2011-01-23T14:46:26Z
UC0h-sR-xyYLX7sSO46ovo2A,Av2bJT8WXds,2010-08-27T19:51:30Z
UC0h-sR-xyYLX7sSO46ovo2A,zbIvoTbERO0,2021-04-20T23:06:28Z
UC0h-sR-xyYLX7sSO46ovo2A,RnEBguKsRdk,2016-01-20T15:57:35Z
UC0h-sR-xyYLX7sSO46ovo2A,xuVcwNUWncQ,2015-04-13T08:01:28Z
UC0h-sR-xyYLX7sSO46ovo2A,uDzVlb60i7g,2015-03-11T14:38:03Z
UC0h-sR-xyYLX7sSO46ovo2A,kaeaYYaYgqg,2014-10-10T13:41:57Z
UCuVUvrf4H3XnwNa2yvFXxYA,E3EAe1S9XK0,2019-03-15T18:01:44Z
UCuVUvrf4H3XnwNa2yvFXxYA,DheiDtxCfQA,2019-03-05T22:43:17Z
UCuVUvrf4H3XnwNa2yvFXxYA,U_EJDMI_cdc,2019-03-03T20:24:26Z
UCuVUvrf4H3XnwNa2yvFXxYA,wbagkso519Q,2019-03-02T22:45:14Z
UCuVUvrf4H3XnwNa2yvFXxYA,QWOWg5fvAjY,2019-01-06T07:43:30Z
UCuVUvrf4H3XnwNa2yvFXxYA,yAwaRAXxuHE,2018-12-28T19:56:44Z
UCuVUvrf4H3XnwNa2yvFXxYA,kKt8mIsrO6c,2018-12-26T00:29:40Z
UCuVUvrf4H3XnwNa2yvFXxYA,coEaelvlmcg,2018-12-24T02:15:35Z
UCuVUvrf4H3XnwNa2yvFXxYA,MhA1u0UtpSc,2018-12-23T16:10:26Z
UCuVUvrf4H3XnwNa2yvFXxYA,LmZmRIHKSdw,2018-12-23T15:07:18Z
UCuVUvrf4H3XnwNa2yvFXxYA,oiWBPjWHXA0,2018-12-21T20:10:03Z
UCuVUvrf4H3XnwNa2yvFXxYA,RL9H6X70Itg,2018-12-21T11:45:05Z
UCuVUvrf4H3XnwNa2yvFXxYA,I9yNeb-vepc,2018-12-19T00:44:30Z
UCuVUvrf4H3XnwNa2yvFXxYA,C_5gk16E124,2018-12-17T00:35:55Z
UCuVUvrf4H3XnwNa2yvFXxYA,rwnEjYhgEu4,2018-12-16T19:42:07Z
UCuVUvrf4H3XnwNa2yvFXxYA,tiV6DnpKKQY,2018-12-10T14:48:58Z
UCuVUvrf4H3XnwNa2yvFXxYA,GNWgvf9A2h4,2018-12-10T14:04:05Z
UCuVUvrf4H3XnwNa2yvFXxYA,dPucNwThx_g,2018-12-09T13:43:53Z
UCuVUvrf4H3XnwNa2yvFXxYA,6-aLSSQsrNw,2018-12-09T11:35:15Z
UCuVUvrf4H3XnwNa2yvFXxYA,_KKOLEtMarE,2018-12-09T00:12:02Z
UCuVUvrf4H3XnwNa2yvFXxYA,GXhRMyqiAws,2019-03-25T02:34:06Z
UCuVUvrf4H3XnwNa2yvFXxYA,b_E45hJNgV8,2019-03-19T21:15:31Z
UCuVUvrf4H3XnwNa2yvFXxYA,NfEfvDyn-lU,2019-03-13T00:29:11Z
UCuVUvrf4H3XnwNa2yvFXxYA,JKB-KNAj_0M,2019-03-10T02:38:20Z
UCuVUvrf4H3XnwNa2yvFXxYA,T7ZJMS5AUNE,2019-03-05T03:11:15Z
UCuVUvrf4H3XnwNa2yvFXxYA,DIL5JB_F6d4,2019-03-03T23:45:02Z
UCuVUvrf4H3XnwNa2yvFXxYA,qamR2IOntRI,2019-03-02T23:47:20Z
UCuVUvrf4H3XnwNa2yvFXxYA,a22Cf1Pbhg0,2019-01-21T11:28:43Z
UCuVUvrf4H3XnwNa2yvFXxYA,pBEHXzaciY8,2019-01-07T01:46:46Z
UCuVUvrf4H3XnwNa2yvFXxYA,t2WjSobeXSo,2018-12-30T22:53:57Z
UCuVUvrf4H3XnwNa2yvFXxYA,Czft3guT4Do,2018-12-24T02:32:30Z
UCuVUvrf4H3XnwNa2yvFXxYA,9xWBHZWzj1w,2018-12-23T14:31:22Z
UCuVUvrf4H3XnwNa2yvFXxYA,JGqYNTS0x-U,2018-12-22T12:28:29Z
UCuVUvrf4H3XnwNa2yvFXxYA,ftuclrw6T10,2018-12-21T11:23:37Z
UCuVUvrf4H3XnwNa2yvFXxYA,0kQkRYpJTIE,2018-12-21T11:00:58Z
UCuVUvrf4H3XnwNa2yvFXxYA,PrGbqMpUiSU,2018-12-20T03:30:57Z
UCuVUvrf4H3XnwNa2yvFXxYA,8BzGHkWyVkg,2018-12-09T12:02:14Z
UCuVUvrf4H3XnwNa2yvFXxYA,n_ntG0PLOlg,2018-11-29T16:27:48Z
UCuVUvrf4H3XnwNa2yvFXxYA,f9PqQYm8Wpc,2018-11-28T21:23:52Z
UCuVUvrf4H3XnwNa2yvFXxYA,AmFted140Oc,2018-11-11T00:27:56Z
UCkY8CvV8WQFe87CZGmvuYHA,SIHCd_ov9kE,2022-05-11T02:03:56Z
UCkY8CvV8WQFe87CZGmvuYHA,e7rBeM9tgpw,2022-05-10T08:42:01Z
UCkY8CvV8WQFe87CZGmvuYHA,iyboBvfQmkI,2022-05-10T08:07:12Z
UCkY8CvV8WQFe87CZGmvuYHA,DFnJk5ONSmo,2022-04-18T08:04:41Z
UCkY8CvV8WQFe87CZGmvuYHA,OHmiwps7tS4,2022-02-11T20:36:07Z
UCkY8CvV8WQFe87CZGmvuYHA,ptCXaBg8zNw,2021-11-26T02:49:34Z
UCkY8CvV8WQFe87CZGmvuYHA,KF-chPgxxik,2021-11-20T00:27:10Z
UCkY8CvV8WQFe87CZGmvuYHA,aH39N9w0Po4,2021-11-03T01:47:16Z
UCkY8CvV8WQFe87CZGmvuYHA,yZTEjG3Cfak,2021-08-27T14:00:27Z
UCkY8CvV8WQFe87CZGmvuYHA,3FyRnyMcD8c,2021-08-18T01:15:01Z
UCkY8CvV8WQFe87CZGmvuYHA,9IyY9PrabRk,2021-05-24T23:51:27Z
UCkY8CvV8WQFe87CZGmvuYHA,L5iJY4ZG72M,2021-05-20T18:11:11Z
UCkY8CvV8WQFe87CZGmvuYHA,L5D1K20oX5s,2021-05-20T00:23:55Z
UCkY8CvV8WQFe87CZGmvuYHA,dolx0v0uWXw,2021-04-29T16:56:05Z
UCkY8CvV8WQFe87CZGmvuYHA,BKfndD1ALSg,2021-04-10T22:22:43Z
UCkY8CvV8WQFe87CZGmvuYHA,EslyBIPiihg,2021-03-25T19:04:47Z
UCkY8CvV8WQFe87CZGmvuYHA,B7PYQmW-q8Y,2021-03-11T06:18:24Z
UCkY8CvV8WQFe87CZGmvuYHA,ZeHZFuJbTjk,2021-02-28T04:53:23Z
UCkY8CvV8WQFe87CZGmvuYHA,PFLS5GItMPk,2021-02-18T06:03:03Z
UCkY8CvV8WQFe87CZGmvuYHA,2nbBQ08BiYg,2021-02-07T08:13:36Z
UCkY8CvV8WQFe87CZGmvuYHA,Huekxp206CM,2022-04-29T15:58:59Z
UCkY8CvV8WQFe87CZGmvuYHA,Cbb0wX313Qg,2022-04-07T01:00:53Z
UCkY8CvV8WQFe87CZGmvuYHA,-poh7z2kdX0,2021-09-23T03:34:11Z
UCkY8CvV8WQFe87CZGmvuYHA,P_jHQaeLGJo,2021-08-08T03:23:27Z
UCkY8CvV8WQFe87CZGmvuYHA,PH919U5pjqg,2021-07-13T01:45:44Z
UCkY8CvV8WQFe87CZGmvuYHA,sr6B5sY9c1A,2021-05-20T00:56:35Z
UCkY8CvV8WQFe87CZGmvuYHA,Zhyy28SpAm4,2021-05-04T23:50:55Z
UCkY8CvV8WQFe87CZGmvuYHA,wTY2MciBK1Q,2021-04-01T19:39:05Z
UCkY8CvV8WQFe87CZGmvuYHA,PlrT1oJJW-I,2021-03-31T18:01:57Z
UCkY8CvV8WQFe87CZGmvuYHA,nXGYZyh8b7k,2021-03-05T01:31:45Z
UCkY8CvV8WQFe87CZGmvuYHA,UDjwYJr_rmw,2021-02-23T01:15:47Z
UCkY8CvV8WQFe87CZGmvuYHA,dgel5lo-Tsw,2021-01-28T05:10:46Z
UCkY8CvV8WQFe87CZGmvuYHA,QfECVIW-ZHk,2020-12-23T07:12:43Z
UCkY8CvV8WQFe87CZGmvuYHA,2M2dDLSroYw,2020-12-22T02:29:07Z
UCkY8CvV8WQFe87CZGmvuYHA,MrvyJyxV8d0,2020-12-21T08:16:40Z
UCkY8CvV8WQFe87CZGmvuYHA,m2pB5Wil3K4,2020-11-07T00:39:10Z
UCkY8CvV8WQFe87CZGmvuYHA,ZqAyVyLj9_U,2020-10-31T03:43:21Z
UCkY8CvV8WQFe87CZGmvuYHA,97k_-ilWflQ,2020-10-30T06:11:41Z
UCkY8CvV8WQFe87CZGmvuYHA,bCpHKKSEwDI,2020-10-07T17:27:48Z
UCkY8CvV8WQFe87CZGmvuYHA,PeQ9AyC--nM,2020-09-24T18:27:48Z
UCsdPzJBJYQlsKigw_3XTqJw,DW1S0nWIsYo,2016-07-04T21:27:44Z
UCsdPzJBJYQlsKigw_3XTqJw,Pzsmkc-A0jw,2016-05-09T02:03:14Z
UCsdPzJBJYQlsKigw_3XTqJw,8WmUtS62J84,2016-04-25T00:52:01Z
UCsdPzJBJYQlsKigw_3XTqJw,BgwXc_dw0j0,2016-03-13T22:09:33Z
UCsdPzJBJYQlsKigw_3XTqJw,GxdZGiQBb6s,2016-02-07T22:58:35Z
UCsdPzJBJYQlsKigw_3XTqJw,_iByEo2CvU4,2016-01-03T23:00:10Z
UCsdPzJBJYQlsKigw_3XTqJw,w9WNaYo16JE,2017-11-28T22:21:09Z
UCsdPzJBJYQlsKigw_3XTqJw,1y8p8SRWifg,2016-08-31T02:00:58Z
UCsdPzJBJYQlsKigw_3XTqJw,IZ3vJbSY8Ro,2016-08-28T20:59:53Z
UCsdPzJBJYQlsKigw_3XTqJw,A9gSfk0QOy8,2016-08-07T21:24:36Z
UCsdPzJBJYQlsKigw_3XTqJw,e8lHzE_TB0k,2016-07-26T21:45:06Z
UCsdPzJBJYQlsKigw_3XTqJw,9xVX8vdL9-I,2016-07-20T00:40:45Z
UCsdPzJBJYQlsKigw_3XTqJw,zkaOBrq5TLQ,2016-07-11T00:47:04Z
UCsdPzJBJYQlsKigw_3XTqJw,KCjy3jXXs5E,2016-05-23T00:33:44Z
UCsdPzJBJYQlsKigw_3XTqJw,qIIDUh3fgMk,2016-05-02T00:40:19Z
UCsdPzJBJYQlsKigw_3XTqJw,xmhDemWZdL8,2016-05-02T00:23:50Z
UCsdPzJBJYQlsKigw_3XTqJw,LVoyAMaX1vM,2016-04-12T04:56:01Z
UCsdPzJBJYQlsKigw_3XTqJw,1NWDtNZ_d-I,2016-04-04T21:15:39Z
UCsdPzJBJYQlsKigw_3XTqJw,fYlUvQ0d7JM,2016-03-27T21:51:35Z
UCsdPzJBJYQlsKigw_3XTqJw,eMGIT5H1lQQ,2016-03-08T22:08:56Z
UCsdPzJBJYQlsKigw_3XTqJw,OYuWH11EsdU,2016-02-29T06:39:31Z
UCsdPzJBJYQlsKigw_3XTqJw,snFkGHpbX38,2016-02-14T23:19:47Z
UCsdPzJBJYQlsKigw_3XTqJw,hiyH7wPk3GI,2016-01-26T01:54:12Z
UCsdPzJBJYQlsKigw_3XTqJw,s6fKkN_wNkU,2016-01-17T23:06:09Z
UCsdPzJBJYQlsKigw_3XTqJw,3zLMZPKnnPE,2016-01-11T00:00:28Z
UCsdPzJBJYQlsKigw_3XTqJw,emJrpJoo9fY,2015-11-23T02:05:44Z
